{
  "tiempo_ciclo": [
    0.06488978862762451,
    0.11704974174499512,
    0.131904935836792,
    0.13221747875213624,
    0.07688919305801392
  ],
  "memoria_usada": [
    97.57421875,
    105.14453125,
    105.14453125,
    105.19140625,
    105.30859375,
    112.875,
    112.875,
    112.91015625,
    112.99609375,
    105.79296875,
    105.79296875,
    105.79296875,
    105.80078125,
    112.1171875,
    112.1171875,
    112.1171875,
    112.125,
    118.61328125,
    118.61328125,
    118.62890625
  ],
  "num_conceptos": [
    12,
    19,
    19,
    13,
    16,
    16,
    16,
    10,
    13,
    15,
    15,
    12,
    15,
    15,
    15,
    11,
    14,
    15,
    15,
    12
  ],
  "num_conexiones": [
    12,
    29,
    29,
    15,
    23,
    31,
    31,
    9,
    24,
    33,
    33,
    18,
    33,
    36,
    36,
    17,
    33,
    39,
    39,
    23
  ]
}